{
  "targetDefaults": {
    "@nx/jest:jest": {
      "cache": true,
      "inputs": ["default", "^default", "{workspaceRoot}/jest.preset.js"],
      "options": {
        "passWithNoTests": true
      },
      "configurations": {
        "ci": {
          "ci": true,
          "codeCoverage": true
        }
      }
    },
    "lint": {
      "cache": true,
      "inputs": [
        "default",
        "{workspaceRoot}/.eslintrc.json",
        "{workspaceRoot}/.eslintignore",
        "{workspaceRoot}/eslint.config.js"
      ]
    }
  },
  "affected": {
    "defaultBase": "main"
  },
  "nxCloudAccessToken": "MWY3NWI2MzYtMmY3Yi00NWMxLWEwMDAtYjk5NjI5OGVhZTlmfHJlYWQtd3JpdGU="
}
